tenor,mat_date,t_years,market_rate,zero_rate,df
O/N,2026-08-17,0.008213552361396304,3.65,3.7001317445990987,0.9996959258225623
1W,2026-08-25,0.030116358658453114,3.631,3.6855861636658513,0.9988898920289746
2W,2026-09-01,0.049281314168377825,3.684,3.7241909519647773,0.9981650981757022
1M,2026-09-18,0.09582477754962354,3.74,3.775483468938224,0.9963862188670368
2M,2026-10-19,0.1806981519507187,3.778,3.810613956260821,0.9931332593138928
3M,2026-11-18,0.26283367556468173,3.811,3.8389816529511545,0.9899537564162273
4M,2026-12-18,0.34496919917864477,3.869,3.8891987730844195,0.9866639958234771
5M,2027-01-19,0.432580424366872,3.906,3.9238431344067792,0.9831580355335039
6M,2027-02-18,0.5147159479808351,3.936,3.945611034306785,0.9798825129001991
7M,2027-03-18,0.5913757700205339,3.974,3.976535113634485,0.9767423548783877
8M,2027-04-19,0.6789869952087612,4.008,4.005991275675834,0.9731483030770879
9M,2027-05-18,0.758384668035592,4.037,4.02680731798487,0.9699026181139815
10M,2027-06-21,0.8514715947980835,4.068,4.05337132289999,0.9660526485053029
11M,2027-07-19,0.9281314168377823,4.095,4.071581986203359,0.962890563482131
1Y,2027-08-18,1.0102669404517455,4.12,4.088026574726428,0.9595140998359867
18M,2028-02-18,1.514031485284052,4.167,4.150622147085917,0.9390516758629521
2Y,2028-08-18,2.0123203285420943,4.201,4.170105979946789,0.9194557436398784
3Y,2029-08-20,3.0171115674195756,4.214,4.183434097414245,0.8813457085093932
4Y,2030-08-19,4.01368925393566,4.223,4.193997626076676,0.8449740777534529
5Y,2031-08-18,5.0102669404517455,4.24,4.210803169020736,0.8096793444011824
6Y,2032-08-18,6.012320328542095,4.264,4.235878003010296,0.7750335277951085
7Y,2033-08-18,7.011635865845311,4.291,4.265804169322266,0.7413314001939741
8Y,2034-08-18,8.010951403148528,4.319,4.2983678065110515,0.7085206986489372
9Y,2035-08-20,9.015742642026009,4.35,4.333409915902746,0.6764094568495094
10Y,2036-08-18,10.012320328542094,4.384,4.370440873497394,0.6454017718007703
11Y,2037-08-18,11.011635865845312,4.417,4.409436831212625,0.6151533474234259
12Y,2038-08-18,12.010951403148528,4.449,4.44849490631027,0.585861113739267
15Y,2041-08-19,15.014373716632443,4.535,4.552256977677251,0.5046142409213974
20Y,2046-08-20,20.016427104722794,4.608,4.641553130034751,0.39466836451383785
25Y,2051-08-18,25.010266940451746,4.604,4.618218990056333,0.31479929152705216
30Y,2056-08-18,30.012320328542096,4.565,4.535444763584389,0.25611607118223634
